{"alarm_id":2173,"alarm_off_timestamp":null,"alarm_on_timestamp":"2025-04-10 15:20:27 IST","associated_equip_ids":["AEID-107","AEID-112"],"device_id":"3746470","equipment_id":"EID-1","influx_data":{"EID-1":{"PID-10":{"data":[{"time":"2025-04-10 03:20:27 IST","value":22.14},{"time":"2025-04-10 04:20:27 IST","value":22.52},{"time":"2025-04-10 05:20:27 IST","value":22.88},{"time":"2025-04-10 06:20:27 IST","value":23.19},{"time":"2025-04-10 07:20:27 IST","value":23.43},{"time":"2025-04-10 08:20:27 IST","value":22.41},{"time":"2025-04-10 09:20:27 IST","value":22.62},{"time":"2025-04-10 10:20:27 IST","value":22.46},{"time":"2025-04-10 11:20:27 IST","value":21.91},{"time":"2025-04-10 12:20:27 IST","value":21.3},{"time":"2025-04-10 13:20:27 IST","value":20.6},{"time":"2025-04-10 14:20:27 IST","value":21.67},{"time":"2025-04-10 15:20:27 IST","value":21.52},{"time":"2025-04-10 16:20:27 IST","value":21.18},{"time":"2025-04-10 17:20:27 IST","value":21.56},{"time":"2025-04-10 18:20:27 IST","value":22.19},{"time":"2025-04-10 19:20:27 IST","value":22.72},{"time":"2025-04-10 20:20:27 IST","value":23.16},{"time":"2025-04-10 21:20:27 IST","value":23.25},{"time":"2025-04-10 22:20:27 IST","value":23.52},{"time":"2025-04-10 23:20:27 IST","value":23.67},{"time":"2025-04-11 00:03:26 IST","value":23.67}],"object_type":"analog-input","point_name":"ChwOtTmp"},"PID-11":{"data":[{"time":"2025-04-10 03:20:27 IST","value":0.0},{"time":"2025-04-10 04:20:27 IST","value":0.0},{"time":"2025-04-10 05:20:27 IST","value":0.0},{"time":"2025-04-10 06:20:27 IST","value":0.0},{"time":"2025-04-10 07:20:27 IST","value":0.0},{"time":"2025-04-10 08:20:27 IST","value":44.61},{"time":"2025-04-10 09:20:27 IST","value":38.53},{"time":"2025-04-10 10:20:27 IST","value":39.0},{"time":"2025-04-10 11:20:27 IST","value":52.96},{"time":"2025-04-10 12:20:27 IST","value":47.5},{"time":"2025-04-10 13:20:27 IST","value":98.72},{"time":"2025-04-10 14:20:27 IST","value":96.99},{"time":"2025-04-10 15:20:27 IST","value":89.32},{"time":"2025-04-10 16:20:27 IST","value":99.98},{"time":"2025-04-10 17:20:27 IST","value":99.98},{"time":"2025-04-10 18:20:27 IST","value":39.36},{"time":"2025-04-10 19:20:27 IST","value":50.0},{"time":"2025-04-10 20:20:27 IST","value":16.84},{"time":"2025-04-10 21:20:27 IST","value":0.0},{"time":"2025-04-10 22:20:27 IST","value":0.0},{"time":"2025-04-10 23:20:27 IST","value":0.0},{"time":"2025-04-11 00:03:26 IST","value":0.0}],"object_type":"analog-output","point_name":"ChwVlvPos"},"PID-12":{"data":[{"time":"2025-04-10 03:20:27 IST","value":0.0},{"time":"2025-04-10 04:20:27 IST","value":0.0},{"time":"2025-04-10 05:20:27 IST","value":0.0},{"time":"2025-04-10 06:20:27 IST","value":0.0},{"time":"2025-04-10 07:20:27 IST","value":0.0},{"time":"2025-04-10 08:20:27 IST","value":42.3},{"time":"2025-04-10 09:20:27 IST","value":39.89},{"time":"2025-04-10 10:20:27 IST","value":47.38},{"time":"2025-04-10 11:20:27 IST","value":63.99},{"time":"2025-04-10 12:20:27 IST","value":50.8},{"time":"2025-04-10 13:20:27 IST","value":99.87},{"time":"2025-04-10 14:20:27 IST","value":99.75},{"time":"2025-04-10 15:20:27 IST","value":94.36},{"time":"2025-04-10 16:20:27 IST","value":100.0},{"time":"2025-04-10 17:20:27 IST","value":100.0},{"time":"2025-04-10 18:20:27 IST","value":39.21},{"time":"2025-04-10 19:20:27 IST","value":53.1},{"time":"2025-04-10 20:20:27 IST","value":20.21},{"time":"2025-04-10 21:20:27 IST","value":0.0},{"time":"2025-04-10 22:20:27 IST","value":0.0},{"time":"2025-04-10 23:20:27 IST","value":0.0},{"time":"2025-04-11 00:03:26 IST","value":0.0}],"object_type":"analog-input","point_name":"ChwVlvFbk"},"PID-15":{"data":[{"time":"2025-04-10 03:20:27 IST","value":0.0},{"time":"2025-04-11 00:03:26 IST","value":0.0}],"object_type":"binary-input","point_name":"AmSts"},"PID-16":{"data":[{"time":"2025-04-10 03:20:27 IST","value":0.0},{"time":"2025-04-10 08:30:02 IST","value":1.0},{"time":"2025-04-10 20:30:12 IST","value":0.0},{"time":"2025-04-11 00:03:26 IST","value":0.0}],"object_type":"binary-output","point_name":"Schedule Command"},"PID-17":{"data":[{"time":"2025-04-10 03:20:27 IST","value":0.0},{"time":"2025-04-11 00:03:26 IST","value":0.0}],"object_type":"binary-output","point_name":"OprCmd"},"PID-18":{"data":[{"time":"2025-04-10 03:20:27 IST","value":0.0},{"time":"2025-04-10 08:30:16 IST","value":1.0},{"time":"2025-04-10 20:31:19 IST","value":0.0},{"time":"2025-04-11 00:03:26 IST","value":0.0}],"object_type":"binary-input","point_name":"SaFan Sts"},"PID-19":{"data":[{"time":"2025-04-10 03:20:27 IST","value":0.0},{"time":"2025-04-10 04:20:27 IST","value":0.0},{"time":"2025-04-10 05:20:27 IST","value":0.0},{"time":"2025-04-10 06:20:27 IST","value":0.0},{"time":"2025-04-10 07:20:27 IST","value":0.0},{"time":"2025-04-10 08:20:27 IST","value":46.78},{"time":"2025-04-10 09:20:27 IST","value":57.82},{"time":"2025-04-10 10:20:27 IST","value":57.93},{"time":"2025-04-10 11:20:27 IST","value":57.93},{"time":"2025-04-10 12:20:27 IST","value":56.39},{"time":"2025-04-10 13:20:27 IST","value":57.89},{"time":"2025-04-10 14:20:27 IST","value":57.88},{"time":"2025-04-10 15:20:27 IST","value":57.89},{"time":"2025-04-10 16:20:27 IST","value":57.87},{"time":"2025-04-10 17:20:27 IST","value":57.88},{"time":"2025-04-10 18:20:27 IST","value":50.18},{"time":"2025-04-10 19:20:27 IST","value":45.72},{"time":"2025-04-10 20:20:27 IST","value":9.76},{"time":"2025-04-10 21:20:27 IST","value":0.0},{"time":"2025-04-10 22:20:27 IST","value":0.0},{"time":"2025-04-10 23:20:27 IST","value":0.0},{"time":"2025-04-11 00:03:26 IST","value":0.0}],"object_type":"analog-output","point_name":"SaFanSpdPos"},"PID-20":{"data":[{"time":"2025-04-10 03:20:27 IST","value":0.0},{"time":"2025-04-10 04:20:27 IST","value":0.0},{"time":"2025-04-10 05:20:27 IST","value":0.0},{"time":"2025-04-10 06:20:27 IST","value":0.0},{"time":"2025-04-10 07:20:27 IST","value":0.0},{"time":"2025-04-10 08:20:27 IST","value":46.89},{"time":"2025-04-10 09:20:27 IST","value":57.89},{"time":"2025-04-10 10:20:27 IST","value":57.99},{"time":"2025-04-10 11:20:27 IST","value":57.99},{"time":"2025-04-10 12:20:27 IST","value":56.41},{"time":"2025-04-10 13:20:27 IST","value":57.74},{"time":"2025-04-10 14:20:27 IST","value":58.0},{"time":"2025-04-10 15:20:27 IST","value":58.0},{"time":"2025-04-10 16:20:27 IST","value":57.99},{"time":"2025-04-10 17:20:27 IST","value":57.67},{"time":"2025-04-10 18:20:27 IST","value":50.03},{"time":"2025-04-10 19:20:27 IST","value":45.34},{"time":"2025-04-10 20:20:27 IST","value":9.66},{"time":"2025-04-10 21:20:27 IST","value":0.0},{"time":"2025-04-10 22:20:27 IST","value":0.0},{"time":"2025-04-10 23:20:27 IST","value":0.0},{"time":"2025-04-11 00:03:26 IST","value":0.0}],"object_type":"analog-input","point_name":"SaFanSpd Fbk"},"PID-26":{"data":[{"time":"2025-04-10 03:20:27 IST","value":25.5},{"time":"2025-04-10 04:20:27 IST","value":25.43},{"time":"2025-04-10 05:20:27 IST","value":25.37},{"time":"2025-04-10 06:20:27 IST","value":25.33},{"time":"2025-04-10 07:20:27 IST","value":25.19},{"time":"2025-04-10 08:20:27 IST","value":22.6},{"time":"2025-04-10 09:20:27 IST","value":22.33},{"time":"2025-04-10 10:20:27 IST","value":22.27},{"time":"2025-04-10 11:20:27 IST","value":22.24},{"time":"2025-04-10 12:20:27 IST","value":22.33},{"time":"2025-04-10 13:20:27 IST","value":24.43},{"time":"2025-04-10 14:20:27 IST","value":23.87},{"time":"2025-04-10 15:20:27 IST","value":23.46},{"time":"2025-04-10 16:20:27 IST","value":23.3},{"time":"2025-04-10 17:20:27 IST","value":24.11},{"time":"2025-04-10 18:20:27 IST","value":21.92},{"time":"2025-04-10 19:20:27 IST","value":22.93},{"time":"2025-04-10 20:20:27 IST","value":24.73},{"time":"2025-04-10 21:20:27 IST","value":25.86},{"time":"2025-04-10 22:20:27 IST","value":26.5},{"time":"2025-04-10 23:20:27 IST","value":26.58},{"time":"2025-04-11 00:03:26 IST","value":26.58}],"object_type":"analog-input","point_name":"SaTmp"},"PID-27":{"data":[{"time":"2025-04-10 03:20:27 IST","value":16.05},{"time":"2025-04-10 04:20:27 IST","value":16.05},{"time":"2025-04-10 05:20:27 IST","value":16.05},{"time":"2025-04-10 06:20:27 IST","value":16.05},{"time":"2025-04-10 07:20:27 IST","value":16.05},{"time":"2025-04-10 08:20:27 IST","value":15.98},{"time":"2025-04-10 09:20:27 IST","value":15.98},{"time":"2025-04-10 10:20:27 IST","value":15.97},{"time":"2025-04-10 11:20:27 IST","value":15.91},{"time":"2025-04-10 12:20:27 IST","value":15.96},{"time":"2025-04-10 13:20:27 IST","value":15.16},{"time":"2025-04-10 14:20:27 IST","value":14.99},{"time":"2025-04-10 15:20:27 IST","value":15.32},{"time":"2025-04-10 16:20:27 IST","value":15.27},{"time":"2025-04-10 17:20:27 IST","value":15.18},{"time":"2025-04-10 18:20:27 IST","value":15.97},{"time":"2025-04-10 19:20:27 IST","value":15.95},{"time":"2025-04-10 20:20:27 IST","value":15.51},{"time":"2025-04-10 21:20:27 IST","value":15.49},{"time":"2025-04-10 22:20:27 IST","value":15.49},{"time":"2025-04-10 23:20:27 IST","value":15.49},{"time":"2025-04-11 00:03:26 IST","value":15.49}],"object_type":"analog-input","point_name":"SaTmp Setpoint"},"PID-28":{"data":[{"time":"2025-04-10 03:20:27 IST","value":21.0},{"time":"2025-04-10 04:20:27 IST","value":21.0},{"time":"2025-04-10 05:20:27 IST","value":21.0},{"time":"2025-04-10 06:20:27 IST","value":21.0},{"time":"2025-04-10 07:20:27 IST","value":21.0},{"time":"2025-04-10 08:20:27 IST","value":21.0},{"time":"2025-04-10 09:20:27 IST","value":21.0},{"time":"2025-04-10 10:20:27 IST","value":21.0},{"time":"2025-04-10 11:20:27 IST","value":21.0},{"time":"2025-04-10 12:20:27 IST","value":21.0},{"time":"2025-04-10 13:20:27 IST","value":21.0},{"time":"2025-04-10 14:20:27 IST","value":21.0},{"time":"2025-04-10 15:20:27 IST","value":21.0},{"time":"2025-04-10 16:20:27 IST","value":21.0},{"time":"2025-04-10 17:20:27 IST","value":21.0},{"time":"2025-04-10 18:20:27 IST","value":21.0},{"time":"2025-04-10 19:20:27 IST","value":21.0},{"time":"2025-04-10 20:20:27 IST","value":21.0},{"time":"2025-04-10 21:20:27 IST","value":21.0},{"time":"2025-04-10 22:20:27 IST","value":21.0},{"time":"2025-04-10 23:20:27 IST","value":21.0},{"time":"2025-04-11 00:03:26 IST","value":21.0}],"object_type":"analog-input","point_name":"SaTmp HiAlmLmt"},"PID-29":{"data":[{"time":"2025-04-10 03:20:27 IST","value":14.0},{"time":"2025-04-10 04:20:27 IST","value":14.0},{"time":"2025-04-10 05:20:27 IST","value":14.0},{"time":"2025-04-10 06:20:27 IST","value":14.0},{"time":"2025-04-10 07:20:27 IST","value":14.0},{"time":"2025-04-10 08:20:27 IST","value":14.0},{"time":"2025-04-10 09:20:27 IST","value":14.0},{"time":"2025-04-10 10:20:27 IST","value":14.0},{"time":"2025-04-10 11:20:27 IST","value":14.0},{"time":"2025-04-10 12:20:27 IST","value":14.0},{"time":"2025-04-10 13:20:27 IST","value":14.0},{"time":"2025-04-10 14:20:27 IST","value":14.0},{"time":"2025-04-10 15:20:27 IST","value":14.0},{"time":"2025-04-10 16:20:27 IST","value":14.0},{"time":"2025-04-10 17:20:27 IST","value":14.0},{"time":"2025-04-10 18:20:27 IST","value":14.0},{"time":"2025-04-10 19:20:27 IST","value":14.0},{"time":"2025-04-10 20:20:27 IST","value":14.0},{"time":"2025-04-10 21:20:27 IST","value":14.0},{"time":"2025-04-10 22:20:27 IST","value":14.0},{"time":"2025-04-10 23:20:27 IST","value":14.0},{"time":"2025-04-11 00:03:26 IST","value":14.0}],"object_type":"analog-input","point_name":"SaTmp LoAlmLmt"},"PID-31":{"data":[{"time":"2025-04-10 03:20:27 IST","value":0.0},{"time":"2025-04-10 04:20:27 IST","value":0.0},{"time":"2025-04-10 05:20:27 IST","value":0.0},{"time":"2025-04-10 06:20:27 IST","value":0.0},{"time":"2025-04-10 07:20:27 IST","value":0.0},{"time":"2025-04-10 08:20:27 IST","value":19531.99},{"time":"2025-04-10 09:20:27 IST","value":24222.53},{"time":"2025-04-10 10:20:27 IST","value":24387.39},{"time":"2025-04-10 11:20:27 IST","value":24307.65},{"time":"2025-04-10 12:20:27 IST","value":23856.8},{"time":"2025-04-10 13:20:27 IST","value":24487.45},{"time":"2025-04-10 14:20:27 IST","value":24206.97},{"time":"2025-04-10 15:20:27 IST","value":24213.15},{"time":"2025-04-10 16:20:27 IST","value":24410.43},{"time":"2025-04-10 17:20:27 IST","value":24509.24},{"time":"2025-04-10 18:20:27 IST","value":21542.81},{"time":"2025-04-10 19:20:27 IST","value":19735.35},{"time":"2025-04-10 20:20:27 IST","value":4154.9},{"time":"2025-04-10 21:20:27 IST","value":0.0},{"time":"2025-04-10 22:20:27 IST","value":0.0},{"time":"2025-04-10 23:20:27 IST","value":0.0},{"time":"2025-04-11 00:03:26 IST","value":0.0}],"object_type":"analog-input","point_name":"CFM"},"PID-32":{"data":[{"time":"2025-04-10 03:20:27 IST","value":25000.0},{"time":"2025-04-10 04:20:27 IST","value":25000.0},{"time":"2025-04-10 05:20:27 IST","value":25000.0},{"time":"2025-04-10 06:20:27 IST","value":25000.0},{"time":"2025-04-10 07:20:27 IST","value":25000.0},{"time":"2025-04-10 08:20:27 IST","value":25000.0},{"time":"2025-04-10 09:20:27 IST","value":25000.0},{"time":"2025-04-10 10:20:27 IST","value":25000.0},{"time":"2025-04-10 11:20:27 IST","value":25000.0},{"time":"2025-04-10 12:20:27 IST","value":25000.0},{"time":"2025-04-10 13:20:27 IST","value":25000.0},{"time":"2025-04-10 14:20:27 IST","value":25000.0},{"time":"2025-04-10 15:20:27 IST","value":25000.0},{"time":"2025-04-10 16:20:27 IST","value":25000.0},{"time":"2025-04-10 17:20:27 IST","value":25000.0},{"time":"2025-04-10 18:20:27 IST","value":25000.0},{"time":"2025-04-10 19:20:27 IST","value":25000.0},{"time":"2025-04-10 20:20:27 IST","value":25000.0},{"time":"2025-04-10 21:20:27 IST","value":25000.0},{"time":"2025-04-10 22:20:27 IST","value":25000.0},{"time":"2025-04-10 23:20:27 IST","value":25000.0},{"time":"2025-04-11 00:03:26 IST","value":25000.0}],"object_type":"analog-input","point_name":"CFM Rated"},"PID-42":{"data":[{"time":"2025-04-10 03:20:27 IST","value":24.85},{"time":"2025-04-10 04:20:27 IST","value":24.84},{"time":"2025-04-10 05:20:27 IST","value":24.81},{"time":"2025-04-10 06:20:27 IST","value":24.82},{"time":"2025-04-10 07:20:27 IST","value":24.77},{"time":"2025-04-10 08:20:27 IST","value":24.26},{"time":"2025-04-10 09:20:27 IST","value":24.02},{"time":"2025-04-10 10:20:27 IST","value":24.03},{"time":"2025-04-10 11:20:27 IST","value":24.09},{"time":"2025-04-10 12:20:27 IST","value":24.09},{"time":"2025-04-10 13:20:27 IST","value":24.85},{"time":"2025-04-10 14:20:27 IST","value":25.02},{"time":"2025-04-10 15:20:27 IST","value":24.68},{"time":"2025-04-10 16:20:27 IST","value":24.73},{"time":"2025-04-10 17:20:27 IST","value":24.84},{"time":"2025-04-10 18:20:27 IST","value":24.06},{"time":"2025-04-10 19:20:27 IST","value":24.08},{"time":"2025-04-10 20:20:27 IST","value":24.25},{"time":"2025-04-10 21:20:27 IST","value":24.83},{"time":"2025-04-10 22:20:27 IST","value":25.4},{"time":"2025-04-10 23:20:27 IST","value":25.44},{"time":"2025-04-11 00:03:26 IST","value":25.44}],"object_type":"analog-input","point_name":"RaTmp"},"PID-43":{"data":[{"time":"2025-04-10 03:20:27 IST","value":24.0},{"time":"2025-04-10 04:20:27 IST","value":24.0},{"time":"2025-04-10 05:20:27 IST","value":24.0},{"time":"2025-04-10 06:20:27 IST","value":24.0},{"time":"2025-04-10 07:20:27 IST","value":24.0},{"time":"2025-04-10 08:20:27 IST","value":24.0},{"time":"2025-04-10 09:20:27 IST","value":24.0},{"time":"2025-04-10 10:20:27 IST","value":24.0},{"time":"2025-04-10 11:20:27 IST","value":24.0},{"time":"2025-04-10 12:20:27 IST","value":24.0},{"time":"2025-04-10 13:20:27 IST","value":24.0},{"time":"2025-04-10 14:20:27 IST","value":24.0},{"time":"2025-04-10 15:20:27 IST","value":24.0},{"time":"2025-04-10 16:20:27 IST","value":24.0},{"time":"2025-04-10 17:20:27 IST","value":24.0},{"time":"2025-04-10 18:20:27 IST","value":24.0},{"time":"2025-04-10 19:20:27 IST","value":24.0},{"time":"2025-04-10 20:20:27 IST","value":24.0},{"time":"2025-04-10 21:20:27 IST","value":24.0},{"time":"2025-04-10 22:20:27 IST","value":24.0},{"time":"2025-04-10 23:20:27 IST","value":24.0},{"time":"2025-04-11 00:03:26 IST","value":24.0}],"object_type":"analog-input","point_name":"RaTmp Setpoint"},"PID-45":{"data":[{"time":"2025-04-10 03:20:27 IST","value":573.97},{"time":"2025-04-10 04:20:27 IST","value":574.33},{"time":"2025-04-10 05:20:27 IST","value":577.89},{"time":"2025-04-10 06:20:27 IST","value":573.39},{"time":"2025-04-10 07:20:27 IST","value":572.45},{"time":"2025-04-10 08:20:27 IST","value":536.67},{"time":"2025-04-10 09:20:27 IST","value":539.2},{"time":"2025-04-10 10:20:27 IST","value":570.86},{"time":"2025-04-10 11:20:27 IST","value":609.98},{"time":"2025-04-10 12:20:27 IST","value":634.75},{"time":"2025-04-10 13:20:27 IST","value":621.61},{"time":"2025-04-10 14:20:27 IST","value":644.58},{"time":"2025-04-10 15:20:27 IST","value":666.04},{"time":"2025-04-10 16:20:27 IST","value":657.22},{"time":"2025-04-10 17:20:27 IST","value":638.67},{"time":"2025-04-10 18:20:27 IST","value":650.61},{"time":"2025-04-10 19:20:27 IST","value":662.17},{"time":"2025-04-10 20:20:27 IST","value":649.82},{"time":"2025-04-10 21:20:27 IST","value":602.32},{"time":"2025-04-10 22:20:27 IST","value":567.93},{"time":"2025-04-10 23:20:27 IST","value":564.89},{"time":"2025-04-11 00:03:26 IST","value":564.89}],"object_type":"analog-input","point_name":"RaCo2"},"PID-46":{"data":[{"time":"2025-04-10 03:20:27 IST","value":900.0},{"time":"2025-04-10 04:20:27 IST","value":900.0},{"time":"2025-04-10 05:20:27 IST","value":900.0},{"time":"2025-04-10 06:20:27 IST","value":900.0},{"time":"2025-04-10 07:20:27 IST","value":900.0},{"time":"2025-04-10 08:20:27 IST","value":900.0},{"time":"2025-04-10 09:20:27 IST","value":900.0},{"time":"2025-04-10 10:20:27 IST","value":900.0},{"time":"2025-04-10 11:20:27 IST","value":900.0},{"time":"2025-04-10 12:20:27 IST","value":900.0},{"time":"2025-04-10 13:20:27 IST","value":900.0},{"time":"2025-04-10 14:20:27 IST","value":900.0},{"time":"2025-04-10 15:20:27 IST","value":900.0},{"time":"2025-04-10 16:20:27 IST","value":900.0},{"time":"2025-04-10 17:20:27 IST","value":900.0},{"time":"2025-04-10 18:20:27 IST","value":900.0},{"time":"2025-04-10 19:20:27 IST","value":900.0},{"time":"2025-04-10 20:20:27 IST","value":900.0},{"time":"2025-04-10 21:20:27 IST","value":900.0},{"time":"2025-04-10 22:20:27 IST","value":900.0},{"time":"2025-04-10 23:20:27 IST","value":900.0},{"time":"2025-04-11 00:03:26 IST","value":900.0}],"object_type":"analog-input","point_name":"RaCo2 Setpoint"},"PID-48":{"data":[{"time":"2025-04-10 03:20:27 IST","value":14.0},{"time":"2025-04-10 04:20:27 IST","value":14.0},{"time":"2025-04-10 05:20:27 IST","value":14.0},{"time":"2025-04-10 06:20:27 IST","value":14.0},{"time":"2025-04-10 07:20:27 IST","value":14.0},{"time":"2025-04-10 08:20:27 IST","value":14.0},{"time":"2025-04-10 09:20:27 IST","value":14.0},{"time":"2025-04-10 10:20:27 IST","value":14.0},{"time":"2025-04-10 11:20:27 IST","value":14.0},{"time":"2025-04-10 12:20:27 IST","value":14.0},{"time":"2025-04-10 13:20:27 IST","value":14.0},{"time":"2025-04-10 14:20:27 IST","value":14.0},{"time":"2025-04-10 15:20:27 IST","value":14.0},{"time":"2025-04-10 16:20:27 IST","value":14.0},{"time":"2025-04-10 17:20:27 IST","value":14.0},{"time":"2025-04-10 18:20:27 IST","value":14.0},{"time":"2025-04-10 19:20:27 IST","value":14.0},{"time":"2025-04-10 20:20:27 IST","value":14.0},{"time":"2025-04-10 21:20:27 IST","value":14.0},{"time":"2025-04-10 22:20:27 IST","value":14.0},{"time":"2025-04-10 23:20:27 IST","value":14.0},{"time":"2025-04-11 00:03:26 IST","value":14.0}],"object_type":"analog-input","point_name":"Chilled Water Supply Header Temperature"},"PID-5":{"data":[{"time":"2025-04-10 03:20:27 IST","value":0.0},{"time":"2025-04-10 04:20:27 IST","value":0.0},{"time":"2025-04-10 05:20:27 IST","value":0.0},{"time":"2025-04-10 06:20:27 IST","value":0.0},{"time":"2025-04-10 07:20:27 IST","value":0.0},{"time":"2025-04-10 08:20:27 IST","value":8.36},{"time":"2025-04-10 09:20:27 IST","value":10.0},{"time":"2025-04-10 10:20:27 IST","value":10.0},{"time":"2025-04-10 11:20:27 IST","value":10.0},{"time":"2025-04-10 12:20:27 IST","value":10.0},{"time":"2025-04-10 13:20:27 IST","value":10.0},{"time":"2025-04-10 14:20:27 IST","value":10.0},{"time":"2025-04-10 15:20:27 IST","value":10.0},{"time":"2025-04-10 16:20:27 IST","value":10.0},{"time":"2025-04-10 17:20:27 IST","value":10.0},{"time":"2025-04-10 18:20:27 IST","value":10.0},{"time":"2025-04-10 19:20:27 IST","value":10.0},{"time":"2025-04-10 20:20:27 IST","value":1.81},{"time":"2025-04-10 21:20:27 IST","value":0.0},{"time":"2025-04-10 22:20:27 IST","value":0.0},{"time":"2025-04-10 23:20:27 IST","value":0.0},{"time":"2025-04-11 00:03:26 IST","value":0.0}],"object_type":"analog-output","point_name":"FaDmpCtrl"},"PID-6":{"data":[{"time":"2025-04-10 03:20:27 IST","value":10.0},{"time":"2025-04-10 04:20:27 IST","value":10.0},{"time":"2025-04-10 05:20:27 IST","value":10.0},{"time":"2025-04-10 06:20:27 IST","value":10.0},{"time":"2025-04-10 07:20:27 IST","value":10.0},{"time":"2025-04-10 08:20:27 IST","value":10.18},{"time":"2025-04-10 09:20:27 IST","value":10.22},{"time":"2025-04-10 10:20:27 IST","value":10.27},{"time":"2025-04-10 11:20:27 IST","value":10.22},{"time":"2025-04-10 12:20:27 IST","value":10.24},{"time":"2025-04-10 13:20:27 IST","value":10.24},{"time":"2025-04-10 14:20:27 IST","value":10.35},{"time":"2025-04-10 15:20:27 IST","value":10.19},{"time":"2025-04-10 16:20:27 IST","value":10.32},{"time":"2025-04-10 17:20:27 IST","value":10.3},{"time":"2025-04-10 18:20:27 IST","value":10.18},{"time":"2025-04-10 19:20:27 IST","value":10.18},{"time":"2025-04-10 20:20:27 IST","value":10.1},{"time":"2025-04-10 21:20:27 IST","value":10.0},{"time":"2025-04-10 22:20:27 IST","value":10.0},{"time":"2025-04-10 23:20:27 IST","value":10.0},{"time":"2025-04-11 00:03:26 IST","value":10.0}],"object_type":"analog-input","point_name":"FaDmpFbk"},"PID-7":{"data":[{"time":"2025-04-10 03:20:27 IST","value":0.0},{"time":"2025-04-11 00:03:26 IST","value":0.0}],"object_type":"binary-input","point_name":"FilAlm"},"PID-9":{"data":[{"time":"2025-04-10 03:20:27 IST","value":22.79},{"time":"2025-04-10 04:20:27 IST","value":23.17},{"time":"2025-04-10 05:20:27 IST","value":23.52},{"time":"2025-04-10 06:20:27 IST","value":23.81},{"time":"2025-04-10 07:20:27 IST","value":24.05},{"time":"2025-04-10 08:20:27 IST","value":19.24},{"time":"2025-04-10 09:20:27 IST","value":17.78},{"time":"2025-04-10 10:20:27 IST","value":17.92},{"time":"2025-04-10 11:20:27 IST","value":18.3},{"time":"2025-04-10 12:20:27 IST","value":18.5},{"time":"2025-04-10 13:20:27 IST","value":20.13},{"time":"2025-04-10 14:20:27 IST","value":21.22},{"time":"2025-04-10 15:20:27 IST","value":20.72},{"time":"2025-04-10 16:20:27 IST","value":20.46},{"time":"2025-04-10 17:20:27 IST","value":20.64},{"time":"2025-04-10 18:20:27 IST","value":17.13},{"time":"2025-04-10 19:20:27 IST","value":19.54},{"time":"2025-04-10 20:20:27 IST","value":23.07},{"time":"2025-04-10 21:20:27 IST","value":23.39},{"time":"2025-04-10 22:20:27 IST","value":23.79},{"time":"2025-04-10 23:20:27 IST","value":23.79},{"time":"2025-04-11 00:03:26 IST","value":23.79}],"object_type":"analog-input","point_name":"ChwInTmp"}}},"point_ids":["PID-18","PID-42","PID-43"],"rule_id":"RID-18"}
